"","Flag","Amount"
"1",0,1766.15573098254
"2",0,2986.37324722142
"3",0,1690.35531072977
"5",0,2607.75716166454
"7",0,2193.00501439862
"9",0,258.919702609906
"10",0,2195.87283066559
"12",0,3271.52961862471
"14",0,621.938278816844
"15",0,478.910468138324
"18",0,1693.16002918011
"19",0,2254.10505503413
"20",0,1672.65282154089
"21",0,1105.01379455089
"22",0,1650.41500888287
"23",0,557.89092513178
"24",0,2392.86098896944
"25",0,1524.62137248904
"26",0,2275.26386393957
"27",0,2251.2685243092
"28",0,1892.29255916005
"29",0,1201.5632296132
"31",0,743.086470501662
"32",0,2766.56285846319
"33",0,227.633659687813
"34",0,1097.08461166161
"35",0,1891.43658601419
"38",0,1481.74854187027
"40",0,1716.08107624313
"41",0,1970.30128555805
"42",0,2559.2241952779
"43",0,-1056.04652825294
"44",0,1671.61786863431
"45",0,-636.107227844437
"46",0,1791.6267479786
"47",0,797.889104110315
"48",0,1648.92346901653
"49",0,484.392739669651
"50",0,2636.85620128319
"51",0,853.642300068929
"52",0,1931.29069798923
"53",0,2467.04618313355
"54",0,1708.46885032341
"56",0,3141.40141143853
"57",0,2080.18930107448
"58",0,1400.06976818665
"59",0,729.394330960334
"60",0,2416.43430722818
"61",0,-1048.32128226311
"62",0,618.323552893568
"63",0,1630.50752255033
"64",0,1823.84261164167
"65",0,1097.68317127518
"67",0,2416.61827540162
"68",0,3230.76608107645
"69",0,1416.25377820095
"70",0,1624.66750939277
"72",0,2112.35226064449
"73",0,2345.72281232862
"74",0,2350.96075708126
"75",0,2220.49991718438
"76",0,2046.73970501465
"77",0,1437.37408704431
"78",0,1696.58033786734
"79",0,1650.10452576858
"80",0,35.9279582853439
"81",0,2464.05842135723
"82",0,2285.41290262189
"83",0,2086.56266100228
"84",0,414.260799321468
"85",0,3366.03496878548
"86",0,2119.04565767245
"87",0,1672.02647837482
"88",0,2460.22044077627
"89",0,858.111994931115
"91",0,375.648316601239
"92",0,834.797173919337
"94",0,1086.75162575494
"95",0,82.1663078641314
"96",0,1949.50926548486
"97",0,-686.505536313118
"98",0,1891.43658601419
"99",0,1549.32097630368
"100",0,1817.05046968264
"101",0,1899.68257379444
"103",0,2439.40105334094
"104",0,2297.4086059743
"106",0,2383.52025985381
"107",0,1279.37241779112
"108",0,995.339222358275
"109",0,2761.56998081292
"110",0,1812.78025848979
"111",0,2876.71427087109
"112",0,44.6933005660516
"113",0,1050.77145804842
"114",0,908.035223871021
"116",0,-289.750090461689
"117",0,-1230.15687458287
"118",0,2464.73811363685
"119",0,1918.99961612264
"120",0,1606.96502020389
"121",0,1405.24213461455
"122",0,2715.78720845214
"123",0,3149.93893453025
"125",0,976.066792204816
"126",0,2134.46817962349
"127",0,2245.85882146608
"128",0,1285.34879512037
"129",0,1448.23879489678
"130",0,1612.61806499646
"134",0,1070.62203123514
"135",0,1396.43834488696
"137",0,2698.89363838351
"138",0,3238.17864271219
"139",0,1154.52993313693
"141",0,1209.2373831155
"142",0,2968.46523283016
"143",0,1272.73224870517
"144",0,1118.78277058637
"145",0,1027.34983108487
"146",0,1625.20393307845
"147",0,1943.25445615245
"149",0,2595.48363522847
"151",0,1953.236795573
"154",0,2599.59253983987
"155",0,2110.37084190181
"156",0,2254.04709607671
"158",0,884.502017897434
"159",0,2146.18687068433
"160",0,2253.63495703188
"161",0,1448.29637858583
"162",0,630.177694462233
"163",0,2538.74813314711
"164",0,613.961023157802
"165",0,1594.46059525624
"166",0,1876.22684637769
"167",0,336.424592761685
"169",0,2026.43402349273
"171",0,1178.0958823671
"172",0,3018.07736546382
"174",1,3975.30400129082
"175",0,1679.25261552338
"176",0,1886.77496953155
"178",0,2602.14242484486
"179",0,3942.80919968874
"180",0,2101.03799163696
"181",0,2637.04332161402
"182",0,2265.19755020015
"183",0,1029.49211601742
"184",0,2301.37471766335
"185",0,1889.14539899866
"186",0,2715.2052480121
"188",0,570.271373971827
"190",0,2285.41290262189
"191",0,1961.57917836644
"192",0,1690.84502548096
"194",0,2255.94613664585
"195",0,1609.8167561581
"196",0,2464.49304653447
"197",0,3058.00530478645
"198",0,1773.84535388162
"199",0,695.29337386304
"200",0,1253.70723451777
"202",0,2627.84522570832
"203",0,1275.61381488814
"204",0,1492.91309994368
"205",0,991.6214519753
"206",0,-700.971938029316
"208",0,-8.90746634334016
"209",0,928.14792238879
"210",0,1082.02379123556
"211",0,435.011220908506
"212",0,1511.99697254646
"213",0,1550.26975184575
"214",0,1708.10108457006
"215",0,-19.0130820282731
"216",0,2523.85157766343
"217",0,2190.4529874073
"218",0,1374.41556760232
"219",0,1703.50089177377
"220",0,98.0247837023182
"221",0,-438.350301977659
"222",0,928.816401395816
"223",0,2526.42808459487
"224",0,1296.42927870721
"225",0,1658.60024215098
"226",0,1877.64190052261
"227",1,4176.8336798259
"228",0,1977.37147121118
"229",0,2222.86681701482
"230",0,1043.35307129751
"231",0,207.831468097787
"233",0,3032.59496694629
"234",0,637.843429428095
"235",0,-935.891067457999
"236",0,1640.44752725753
"237",0,978.655365749259
"239",0,-83.000350984641
"240",0,2898.14965642813
"241",0,637.563948513109
"243",0,2967.4056630883
"244",0,1669.5655143752
"245",0,1893.49325046403
"246",0,1891.43658601419
"247",0,560.251416838877
"248",0,1405.31271590805
"249",0,189.863588731639
"250",0,2261.97277104742
"253",0,1165.33094674427
"255",0,1833.82495106222
"256",0,1347.52241089154
"258",0,1541.35246457405
"259",0,1877.81172191783
"260",0,910.788612172269
"261",0,440.575790209262
"262",0,2350.34063256572
"263",0,1407.51560444775
"265",0,1230.42737458313
"266",0,816.249637705271
"267",0,629.435899683247
"268",0,1198.16374885263
"269",1,4141.77877673526
"270",0,1740.49449391435
"271",0,2798.41604976035
"272",0,819.670009686724
"273",0,1891.82255765466
"275",0,1208.70447197721
"276",0,1053.77913737866
"279",0,2206.5619264409
"280",0,1557.20381451547
"281",0,901.394716210138
"282",0,2452.2195200984
"283",0,1195.46755596913
"284",0,2048.40132968624
"286",0,2161.87780836316
"287",0,365.631699906519
"288",0,2061.77410448032
"289",0,2198.34163416026
"290",0,2633.84262117705
"291",0,451.134736395337
"292",0,1855.86562433406
"293",0,-289.369649537451
"295",0,490.292781204566
"296",0,2117.88512050344
"297",0,1496.77756955769
"298",0,3058.00530478645
"299",0,1336.09521370066
"300",0,2405.46635743759
"301",0,2173.25395051807
"302",0,14.821528011567
"303",0,2215.77187713449
"304",0,2158.88187879922
"305",0,2564.58182250908
"306",0,2691.13778480802
"307",0,2571.94113288203
"308",0,1760.91311793987
"309",0,656.298927371453
"310",0,1618.92877836712
"314",0,3668.47419885192
"315",0,1853.42388411004
"316",0,836.628650040735
"317",0,1543.96433679444
"318",0,1210.34910736334
"319",0,2630.04015258598
"320",0,9.64111778672668
"321",0,1295.74090058556
"322",0,2501.64900434993
"323",0,1320.88368635605
"324",0,1193.22083166511
"325",0,2049.27618430363
"326",0,1311.10209254775
"330",0,1671.06516683499
"333",0,2699.58902024304
"334",0,1422.8627172699
"335",0,2916.23148950846
"336",0,1588.64457350609
"338",0,3163.24250113123
"340",0,-125.890140303603
"341",0,1746.42198296684
"342",0,2480.19036578353
"343",0,1461.85691017861
"344",0,1634.08309729104
"345",0,-134.836540990456
"346",0,430.403591569471
"347",0,1561.92616273231
"348",0,907.012129147205
"350",0,467.227985539311
"352",0,1173.72343222686
"354",0,3157.2363213332
"355",0,201.546406636449
"356",0,1976.25895324791
"357",0,2577.46188613571
"358",0,1569.16757267869
"359",0,-68.3632549968481
"360",0,725.917106024298
"361",0,4161.8976811293
"362",0,1100.13418609682
"363",0,317.523805716055
"364",0,1999.35513399553
"365",0,778.29223835766
"367",0,1569.2332180629
"368",0,1523.74627028193
"370",0,1928.81558721139
"371",0,1671.06516683499
"372",0,2016.48291848015
"373",0,3228.77475974832
"375",0,1125.38970447015
"376",0,3104.83371315442
"377",0,-290.088545452526
"379",0,-85.8567002329909
"380",0,136.525771057192
"382",0,2152.27884397648
"383",0,2325.30662695006
"384",0,1927.49768189909
"385",0,937.590304779989
"388",0,1280.17666943557
"389",0,1301.93900979111
"390",1,3855.4956135775
"392",0,1515.89674526396
"393",0,712.811255737199
"394",0,2374.52076968664
"395",0,684.255908238173
"396",0,2217.52060987691
"397",0,1057.04826875755
"399",0,1974.75965259244
"403",0,272.919046936589
"404",0,1183.52323213961
"405",0,1015.01038224735
"406",0,1270.26796031403
"407",0,-530.344578696907
"408",0,2450.23810135572
"409",0,-84.7316644620493
"410",0,1045.61343821984
"412",0,3721.9687707656
"413",0,2241.28618488865
"414",0,-23.0391557919593
"415",0,2724.13858110637
"416",0,1385.33801447546
"417",0,-193.838312696831
"418",0,1541.48343037474
"419",0,-766.701623832477
"420",0,1689.64885420045
"421",0,1947.21729363781
"422",0,2759.73534613285
"423",0,3434.07360700289
"424",0,-249.547883027661
"426",0,2017.03775385539
"427",0,1028.14182454661
"428",0,2034.80747340259
"429",0,2700.53030315761
"430",0,1515.6702514065
"431",0,1480.00691767837
"432",0,-31.2829272034851
"433",0,634.476941448962
"435",0,1013.70925033435
"436",0,3385.98405178429
"437",0,-624.740660282762
"438",0,1688.57941718947
"439",0,1440.3526891276
"440",0,1711.78152772491
"441",0,18.3813249011198
"442",0,2424.33246153433
"443",0,745.87663853939
"444",0,828.467903711294
"445",0,804.755579969631
"446",0,-277.360471193221
"447",0,744.874769561983
"448",0,1555.29764147995
"449",0,2870.04810732538
"450",0,2815.2940239867
"451",0,1388.21198785424
"452",0,997.653314004241
"453",0,2571.94113288203
"454",0,1277.4885424777
"456",0,2793.19370084999
"457",0,3233.04731869732
"458",0,2841.6943702907
"459",0,438.64254954278
"460",0,1896.00185671343
"461",0,297.365177308007
"462",0,706.729034040846
"463",0,50.7128025012445
"464",0,1451.9930635235
"466",0,425.583413557861
"467",0,3272.90147748156
"468",0,2948.59139553851
"469",0,1502.23767063791
"472",0,2657.13335337295
"474",0,512.207847774298
"475",0,2201.50731862077
"476",0,-1347.11847663894
"477",0,2381.87754270768
"478",0,3810.47880255699
"479",0,-786.423604246512
"482",0,1688.57941718947
"484",0,2496.82620079809
"485",0,2239.68978012598
"486",0,2486.68733069772
"487",0,3792.57078816573
"488",0,1639.56268484386
"489",0,923.639287915351
"490",0,3213.23317807975
"492",0,1709.98326196786
"493",0,1219.02393320628
"495",0,2253.71172960694
"496",0,2393.34837372143
"498",0,1198.27163689015
"501",0,1417.72134330393
"503",1,4215.95861764074
"505",0,1995.42395107247
"506",0,458.530078558127
"507",0,2366.16747634598
"508",0,1559.58397981728
"512",0,965.883370474954
"516",0,1662.67048212034
"518",0,767.343072139489
"520",0,3156.50109187836
"521",0,1736.46920127145
"522",0,1487.62842140027
"523",0,2631.84101539483
"524",0,1406.06648947226
"525",0,1558.96525368651
"528",0,138.595361880416
"529",0,-513.972627778795
"531",0,-1193.31842525966
"532",0,1133.50621676761
"533",0,2011.40957748252
"534",0,1994.9941396551
"535",0,764.335893432909
"536",0,1671.2204455968
"537",0,2377.34653236568
"538",0,-484.081725307649
"539",0,1479.6275007224
"540",0,464.286079963698
"541",0,-266.690289059307
"542",0,709.196006078144
"543",0,1630.89253653034
"544",0,2617.24261836959
"545",0,-518.515573061403
"546",0,1629.08093918288
"548",0,2603.40931019918
"549",0,3066.96101992207
"550",0,339.392272899284
"551",0,1087.88733734218
"552",0,-66.150982409462
"553",0,1042.43318611565
"554",0,2392.86098896944
"555",0,1917.75766012815
"557",0,2137.44824989068
"559",0,2199.95808151687
"560",0,1771.85594362265
"561",0,82.6449768131629
"562",0,2126.78249879567
"563",0,2010.33123708367
"565",0,1860.21810058125
"566",0,2113.50763293934
"567",1,4717.38302059598
"568",0,1804.31966343727
"570",0,3554.6147424965
"571",0,1560.50932695907
"574",0,1174.45699201669
"575",0,1549.95061006028
"576",0,-367.664177020712
"577",0,1100.80588996315
"578",0,609.237782332204
"580",0,1959.18105180103
"581",0,245.796167222259
"582",0,2846.36565810131
"583",0,1311.29320463344
"584",0,3091.85551066858
"585",0,1349.41065403685
"586",0,796.055350802926
"587",0,1003.40739385996
"588",0,1353.57404620018
"589",0,4197.71370991181
"590",0,2574.51417944716
"591",0,1616.95745258576
"592",0,1817.89835541364
"593",0,-504.142183711812
"594",0,2232.44479259393
"595",0,1908.66679359031
"598",0,2086.86263764914
"599",0,1840.22157088622
"600",0,2323.86755629429
"601",0,2775.51515771883
"602",0,2482.7379542634
"603",0,2351.93349731696
"604",0,1680.65374221876
"605",0,2602.64856645309
"606",0,986.842706493832
"607",0,2377.80171633464
"609",0,919.127445301844
"610",0,1631.49959366999
"611",0,1527.5865873037
"612",0,2473.64173720141
"613",0,-294.545767403851
"614",0,-159.654024945101
"615",0,2693.19444925785
"616",0,44.6933005660516
"617",0,500.346774765488
"620",0,2724.81593320969
"621",0,2568.76965669673
"622",0,1209.52045605095
"623",0,690.179373478773
"625",0,1443.5113289499
"626",0,3090.71601726501
"628",0,1595.69596622659
"629",0,988.439080453805
"630",0,2252.70725814399
"631",0,1061.1968450905
"632",0,3204.69301786893
"634",0,592.942297571468
"635",0,702.259508784497
"636",0,1205.46495325332
"638",0,3071.00070840343
"639",0,1729.38837657926
"640",0,1863.91769438315
"641",0,1784.2739467865
"643",0,225.924684616538
"644",0,508.43261098725
"645",0,1968.58252122208
"646",0,2766.4773583186
"647",0,2605.82952278401
"648",0,1893.38822841511
"652",0,933.468621350187
"653",0,3062.04338797897
"655",0,1543.64385270083
"656",0,1323.38106975334
"657",0,2530.04090099385
"658",0,350.523802931295
"659",0,1664.37360078808
"661",0,2418.62997716094
"662",0,1972.72970450031
"663",0,1686.5979984468
"664",0,1768.28038130616
"665",0,2177.96481627433
"666",0,972.783825026036
"667",0,2337.17668773377
"669",0,1705.56854146133
"671",0,1894.99650760502
"672",0,1483.75065874663
"673",0,2986.37324722142
"674",0,494.299833383039
"675",0,1779.26622300641
"676",0,1779.74733154161
"677",0,1388.36074450822
"678",0,1666.16720141163
"679",0,-146.878116400946
"680",0,718.278664627321
"681",0,2518.17084873692
"682",0,1275.15750207122
"683",0,2449.07273558447
"684",0,338.578216929879
"685",0,2518.46215681063
"686",0,-38.9775849077631
"687",0,284.232585466545
"688",0,2223.33183711662
"689",0,1716.21757219
"692",0,1120.94039019947
"693",0,-421.266929144542
"694",0,1520.3183254692
"695",0,43.0141918385921
"696",0,2630.66322957242
"698",0,1885.90305626992
"699",0,1903.40034417742
"700",0,1495.85514785734
"701",0,2271.15625952751
"702",0,336.434075079239
"703",0,375.999079794274
"704",0,-611.883729975331
"705",0,1599.72589342889
"706",0,1966.2355600344
"707",0,1856.973976053
"708",0,3111.72934796023
"709",0,1808.79547338981
"710",0,994.450142695045
"711",0,392.768088164719
"712",0,351.280785355349
"715",0,123.138068999517
"716",0,291.122166506221
"717",0,656.459182908191
"718",0,315.05713534287
"719",0,602.713889642964
"721",0,2554.03311849077
"722",0,217.025007733464
"723",0,1050.17139303773
"725",0,539.459707317274
"726",0,1761.32154823086
"727",0,1544.4681665521
"729",0,727.104020469403
"730",0,1936.15759121382
"731",0,1911.32592619062
"732",0,3344.53353504659
"733",0,3037.80610337967
"734",0,806.735638120822
"735",0,3180.91886277626
"737",0,149.497449423263
"738",0,1224.08884063514
"739",0,1670.9164699006
"740",0,1279.76851055834
"741",0,2057.38491056793
"742",0,1375.04739116344
"743",0,1445.9429465493
"744",0,1305.40522319837
"745",0,2695.95742518308
"746",0,1750.63139067507
"748",0,1257.93993629196
"750",0,2007.6024490517
"751",0,647.161273953647
"752",0,2464.73811363685
"753",0,3056.28676797412
"756",0,1599.93878070642
"757",0,1923.93227970578
"758",0,1783.72581559664
"760",0,1624.86796994506
"761",0,2633.28108275366
"762",0,3634.38996748867
"763",0,2281.12698581407
"764",0,3004.28126161268
"765",0,2519.94160033336
"766",0,2805.39463444365
"767",0,1197.13735365478
"768",0,2356.73519191407
"769",0,2561.36559413329
"770",0,202.072413997246
"771",0,2623.5438104355
"772",0,2870.2179287206
"773",0,1960.7774565637
"776",0,1632.70524932538
"777",0,512.452914876679
"779",0,1987.81004531304
"780",0,-582.009067581084
"781",0,1448.29637858583
"782",0,3729.89444573631
"784",0,1318.55292367825
"785",0,1778.51858252126
"786",0,3317.67322139969
"787",0,1224.70193129486
"789",0,1802.56338758752
"791",0,1172.25078374269
"792",0,2013.1128814695
"793",0,2264.94660090892
"795",0,1434.01058711721
"796",0,1590.35644555744
"797",0,1655.61430300079
"798",0,1901.66399253712
"799",0,3511.2251280253
"800",0,3453.57802615682
"802",0,-102.354654572687
"803",0,303.871449148851
"804",0,2335.17692421704
"805",0,1509.49927327689
"806",0,154.579677421558
"807",0,1224.99839398301
"808",0,1752.66688432482
"809",0,45.1950714422791
"810",0,1686.28041932187
"811",0,2143.74218976765
"812",0,-151.811558554224
"814",0,-533.976359739323
"815",0,2558.71281198821
"816",0,1694.69349481273
"817",0,534.153945358071
"818",1,4376.7938538244
"819",0,2619.22040846686
"820",0,874.406218791989
"821",0,2169.90577623432
"822",0,1526.7861067872
"824",0,1141.078382914
"825",0,3067.03626562923
"828",0,844.814612071008
"829",0,429.477697733845
"831",0,1551.3348039946
"832",0,1154.2757312355
"834",0,-109.80684960504
"835",0,546.746757618412
"836",0,927.368323591571
"839",0,-485.28227277288
"840",0,1149.68846509794
"841",0,1557.18691631314
"842",0,-262.068962876468
"843",0,2801.42409278796
"844",0,161.86438299292
"845",0,229.0740703751
"847",0,1412.37590458783
"849",0,3169.10646034651
"850",0,2789.00547410654
"851",0,2603.5113401643
"853",0,2255.61637577456
"854",0,1257.91252317281
"855",0,3371.39726457347
"857",0,153.713707783648
"859",1,4381.16883035458
"860",0,1479.6275007224
"861",0,1193.57819212356
"862",0,3702.69382287177
"863",0,1118.03444663318
"864",0,668.955952443154
"865",0,2534.78529566175
"866",0,370.707683590302
"867",0,2610.38019071214
"868",0,627.596816560824
"869",0,-144.173333897275
"871",0,856.130897475414
"872",0,3389.30527896473
"874",0,2918.7792728489
"875",0,1987.48965937534
"876",0,1348.99204286237
"878",0,1436.88230890532
"879",0,-841.380031903255
"880",0,2451.43818894014
"881",0,2279.23938505458
"882",0,1530.88637846643
"883",0,943.346332066225
"884",0,1424.27040110748
"885",0,2521.73256780018
"886",0,1690.87644002983
"887",0,2825.20111770009
"888",0,1256.87771221718
"889",0,1141.58072648975
"891",0,650.518631024107
"892",0,1805.93459725041
"893",0,-162.92636868465
"894",0,550.092475455436
"895",0,1347.72507535064
"896",0,1832.42624106671
"898",0,891.613865663283
"900",0,2549.76051273256
"901",0,637.563948513109
"902",0,1545.31863376288
"903",0,3304.0200237086
"904",0,-555.932710974489
"905",0,1049.13298929478
"906",0,1491.77074766326
"908",0,63.4426385781396
"909",0,2173.69221051613
"911",0,2885.97470297396
"912",0,1125.69159634137
"913",0,65.2112314200804
"914",0,1018.90114691533
"915",0,-571.173706746532
"917",0,3409.66873319482
"918",0,1635.74506265383
"919",0,2404.43973315265
"920",0,2374.95297457818
"921",0,1338.76902583089
"922",0,515.00400533057
"923",0,1042.07606745249
"924",0,1376.21749756736
"925",0,1704.50601283805
"926",0,1048.26941978089
"927",0,1589.92268223583
"929",0,3269.96868016111
"930",0,145.699267710851
"931",0,2586.61652054866
"932",0,2677.15199706308
"934",0,2058.99623256928
"936",0,2782.00724211661
"937",0,380.446724951395
"939",0,3065.64065359303
"940",0,1902.47583998245
"941",0,2317.45387168649
"942",0,922.724763160256
"944",0,1290.71550880358
"945",0,2433.33516287846
"947",0,1851.73296545348
"948",0,2605.0169814676
"949",0,1575.18707461389
"950",0,2513.87266427943
"951",0,888.276149990732
"952",0,1104.46098320493
"953",0,2182.00289946685
"954",0,1319.41829009793
"955",0,1545.3153020594
"956",0,2849.2038797337
"957",0,2882.01186548861
"958",0,2043.13307125687
"959",0,3031.39005824193
"960",0,179.646726745401
"961",0,2126.23417855813
"962",0,2044.51693556774
"963",0,2395.43858472951
"964",0,985.900033504107
"966",0,2692.4520641593
"967",0,1390.67090903943
"968",0,1709.18700297691
"969",0,2448.64169659305
"971",0,1979.62260939882
"973",0,593.34535146463
"974",0,2522.03998031598
"975",0,-562.362027404966
"976",0,2103.6230723802
"977",0,2292.0688238693
"978",0,312.293338750168
"979",0,1150.60583578371
"980",0,3075.20700770232
"981",0,1616.10022411714
"982",0,923.302761414352
"983",0,2739.96997440441
"984",0,3298.81041255069
"985",0,2660.14139640057
"986",0,3729.55755239864
"988",0,96.4642574731055
"989",0,1378.96227344935
"991",0,1259.76079688535
"993",0,3138.47924180405
"994",0,1498.4424636346
"995",0,2398.37238265263
"996",0,858.429849149901
"997",0,2740.72916910122
"998",0,394.852667713357
"999",0,1825.82403038435
"1001",0,1796.19732493225
"1002",0,2003.56436585918
"1003",0,2822.65333435965
"1004",0,325.95197590603
"1005",0,1558.57814721268
"1006",0,-328.206984635362
"1007",0,981.60461169277
"1009",0,2424.09444600439
"1010",0,1204.44693547893
"1011",0,2721.79111454505
"1012",0,1023.88689445126
"1013",0,1460.5808423323
"1015",0,1037.71075422622
"1016",0,2123.99508712462
"1017",0,1190.51644216412
"1018",0,1625.2133763902
"1019",0,1406.24862145839
"1020",0,782.789602816195
"1021",0,1909.0348321326
"1023",0,2507.41866869581
"1024",0,2814.34264540893
"1025",0,3696.36455266373
"1026",0,2856.02795495961
"1027",0,2028.83169062339
"1030",0,399.457115503635
"1032",0,491.624292487106
"1033",0,2198.49585971319
"1034",0,1662.55808293671
"1037",0,1023.22957617008
"1038",0,1257.23757037709
"1039",0,1089.3243015272
"1040",0,1869.78383710575
"1041",0,1728.80906819529
"1043",0,2349.70124565626
"1044",0,-38.6574480598285
"1045",0,3598.01840456465
"1047",0,1964.74029404906
"1048",0,2477.9467882692
"1049",0,2494.22487221133
"1051",0,1985.014741163
"1052",0,2716.87689848192
"1053",0,3550.72247558844
"1054",0,-672.068823063513
"1055",0,1641.4223449738
"1056",0,1315.70206265826
"1057",0,1332.74206881416
"1058",0,-331.375001650383
"1059",0,1675.08063139616
"1060",0,3720.9387306007
"1061",0,1022.94723753626
"1063",0,2771.29841265835
"1065",0,2085.10351713761
"1066",0,1862.12529335674
"1068",0,2661.62404703907
"1069",0,10.6554588509425
"1070",0,3417.54407087099
"1071",0,1425.85347506616
"1074",0,3551.11901879098
"1075",0,869.35403635836
"1077",0,205.865430087381
"1078",0,-260.988290543389
"1079",0,3324.41463065256
"1080",0,265.157399645056
"1081",0,2764.96645370052
"1082",0,2673.22977041676
"1083",0,949.291288150735
"1084",0,1827.80544912703
"1085",0,1401.23235386214
"1086",1,4914.37117889983
"1087",0,191.920253181477
"1088",0,2056.86496975951
"1089",0,670.7733840963
"1090",0,-1125.97551429437
"1091",0,1361.60417727252
"1093",0,814.752831839239
"1094",0,1504.20969876905
"1096",0,3272.90147748156
"1097",0,2042.85639110334
"1098",0,939.621145853812
"1099",0,1696.50509216018
"1100",1,3519.2814233361
"1101",0,1258.66585083379
"1102",0,751.019906164541
"1103",0,1890.53014834225
"1104",0,2230.38043155262
"1105",0,2065.58853433096
"1106",0,1873.60381733009
"1107",0,1141.64410285202
"1108",0,2266.16507979287
"1110",0,1487.62842140027
"1111",0,2518.07714283062
"1113",0,1542.88383301243
"1114",0,1365.25049237809
"1115",0,1824.94745585943
"1116",0,-1790.23594290955
"1117",0,1492.05105402514
"1118",0,4036.54158039048
"1119",0,2852.59088840746
"1120",0,1390.50987717954
"1121",0,1845.95853062067
"1122",0,2743.12272688872
"1123",0,-271.461635146193
"1124",0,2699.84501696128
"1125",0,496.920693927373
"1126",0,1508.49597286591
"1127",0,3642.56526378279
"1128",0,473.382131585629
"1129",0,764.418888670106
"1130",0,1810.38957731335
"1133",0,3485.20174619388
"1134",0,422.156095586376
"1135",0,1898.83735850882
"1136",0,948.202090398898
"1137",0,1116.53359224287
"1138",0,975.694856326719
"1139",0,215.533100393824
"1140",0,493.938307638071
"1141",0,1326.45629187894
"1142",0,1714.20758134907
"1144",0,3264.62631525012
"1145",0,2271.11791614389
"1147",0,2391.54842308879
"1148",0,2565.7816840692
"1149",0,1096.87868739634
"1150",0,3080.68712311545
"1151",0,3078.48915186019
"1152",1,4649.78904622346
"1155",0,3228.1331494434
"1156",0,2101.37240077797
"1157",0,250.283997535812
"1159",0,2213.78084505685
"1160",0,608.26919349982
"1161",0,1553.48604413249
"1162",0,949.570572411354
"1163",0,1437.33935812884
"1164",0,1167.26558110029
"1165",0,786.292264810674
"1166",0,2636.05965452118
"1167",0,1373.0974493154
"1168",0,1719.27819451534
"1169",0,2043.18752468605
"1170",0,-271.709399551517
"1171",0,2618.07639442276
"1173",0,2278.18824398593
"1174",0,2683.81430529541
"1175",0,649.575222679973
"1176",0,1935.11358859695
"1178",0,288.704275169805
"1179",0,1724.32020026483
"1182",0,3011.91276415282
"1183",0,2195.94807637275
"1184",0,1380.11079970227
"1185",1,4271.73932526435
"1187",0,870.228188721844
"1188",0,-150.1422909872
"1191",0,2493.97980510895
"1192",0,1164.5708848527
"1194",0,2953.64392305364
"1195",0,2008.94225748945
"1196",0,-678.984736941078
"1197",0,1324.29587387759
"1198",0,440.575790209262
"1199",0,1895.03967274424
"1200",0,2177.96481627433
"1202",0,972.597737000792
"1203",0,2282.09426639501
"1204",0,1868.18901630254
"1205",0,1527.14211260089
"1206",0,-445.508922075965
"1208",0,2299.15255432541
"1209",0,1539.96623745031
"1211",0,1054.97196424735
"1212",0,777.628204661706
"1213",0,3401.91064743288
"1214",0,217.518835877746
"1215",0,201.472927792171
"1216",0,-233.266810444254
"1217",0,1902.90711020345
"1218",0,1936.25074189951
"1219",0,1209.06912249302
"1221",0,402.011791119491
"1222",0,1615.71711812459
"1223",0,3037.96164609958
"1224",0,1749.77540180522
"1226",0,501.527872336167
"1227",0,-306.974914335764
"1228",0,1671.53281821509
"1229",0,2279.03364993138
"1230",0,3337.0808294908
"1231",0,460.698891140423
"1232",0,1311.4810878017
"1233",0,2195.98648822732
"1234",0,3546.92671004553
"1235",0,1334.38196684965
"1236",0,-896.205076876909
"1237",0,-310.916689810179
"1238",0,2267.50488823063
"1239",0,1957.80060110347
"1240",0,1002.09199838799
"1241",0,2564.95609976947
"1242",0,-559.33979997924
"1243",0,-381.060961631644
"1244",0,679.886098821145
"1245",0,547.666839671326
"1246",0,2320.07950014642
"1247",0,2577.57562083721
"1248",0,-423.702477131374
"1249",0,-557.11617589231
"1250",0,492.472658792904
"1252",0,2070.49135433369
"1253",0,648.297350377828
"1254",0,1498.41692730988
"1256",0,1231.07620676509
"1258",0,-167.503482978743
"1259",0,2618.02004923289
"1260",0,1934.8972025701
"1261",0,2138.52026072788
"1262",0,2358.71661065675
"1263",0,190.3341042618
"1266",0,2079.79910186764
"1267",0,1935.92053913878
"1268",0,-1410.58885858106
"1269",0,1984.57164470172
"1270",0,655.218906762648
"1271",0,1378.03092302148
"1272",0,2220.07864787404
"1273",0,1397.03103666048
"1274",0,2241.28618488865
"1275",0,1172.52313437157
"1276",0,31.9281755157945
"1277",0,2828.85418691259
"1278",0,1585.26295264783
"1279",0,1805.4058805231
"1280",0,-462.339730521991
"1281",0,3047.85058508242
"1282",0,2066.51987359669
"1283",0,1391.24952576867
"1285",0,3664.51136136656
"1286",0,1495.60774246668
"1287",0,3130.62743417602
"1289",0,1682.55991525428
"1290",0,2249.59687383937
"1291",0,2267.74995533301
"1293",0,28.7393999011034
"1294",0,3037.88640039242
"1296",0,979.96729990636
"1297",0,1810.8290970434
"1299",0,3070.99910311458
"1301",0,827.647059805886
"1302",0,816.889159528078
"1304",0,1484.98593584936
"1305",0,-327.076819582572
"1306",0,772.314921131564
"1308",0,2213.60568999804
"1310",0,3604.20145165983
"1311",0,2027.74055449819
"1312",0,2403.09806287478
"1314",0,1409.8358985551
"1315",0,330.55447697636
"1316",0,1093.974048828
"1317",0,136.528181850667
"1319",0,745.096653159694
"1321",0,1021.8279526151
"1323",0,3064.02480672165
"1324",0,664.090991162078
"1325",0,902.872051249541
"1327",0,1473.59930912455
"1328",0,1510.78094061482
"1329",0,-77.4008336649199
"1331",0,1392.63988218249
"1332",0,761.493492847984
"1333",0,1153.15464204946
"1334",0,1552.11250256167
"1335",0,1278.6765049332
"1337",0,1005.8066820972
"1338",0,200.259370422349
"1339",0,2248.17791868902
"1340",0,1406.09529083918
"1341",0,1491.59125888563
"1342",0,2285.41290262189
"1343",0,76.000373872856
"1344",0,2275.5058089085
"1346",0,372.86576203143
"1347",0,1147.54608991922
"1348",0,1938.239334932
"1349",0,146.138854793727
"1351",0,1681.26875441896
"1352",0,2516.60625894179
"1353",0,1738.12106383896
"1354",0,1737.98134263445
"1355",0,81.8884592958934
"1356",0,-483.555349374357
"1357",0,1798.0089222797
"1361",0,365.578135237541
"1362",0,874.508903661054
"1363",0,3115.18156157936
"1364",0,497.489195079284
"1366",0,1711.89721619216
"1367",0,3073.70242917494
"1368",0,2809.87609833226
"1369",0,1559.96855091202
"1370",0,2038.39568130211
"1371",0,1693.51121928804
"1372",0,284.639738081166
"1374",0,939.381121580682
"1375",0,2502.41467316752
"1376",0,1369.08607274065
"1379",0,696.63270768284
"1381",0,2780.43278966193
"1382",0,3640.01748044235
"1383",0,2426.55565213165
"1386",0,566.45601814738
"1387",0,1566.61461674383
"1389",0,-18.4464546273298
"1390",0,2347.38293357591
"1391",0,2201.89233260078
"1392",0,2778.52661662641
"1393",0,289.248315632212
"1394",0,1911.73633523596
"1395",0,1204.46096022057
"1396",0,455.10051561619
"1397",0,1449.54957988034
"1398",0,2303.65089419733
"1400",0,1990.81905051341
"1401",0,2261.63587770975
"1402",0,1347.61803833897
"1403",0,2941.60491918326
"1404",0,2805.15745901322
"1406",0,1762.37828327948
"1407",0,1371.33436338544
"1408",0,1392.95223841234
"1409",0,854.345294162586
"1410",0,3084.86903431333
"1411",0,1287.72067728439
"1412",0,1610.92785768924
"1414",0,2276.90397928379
"1415",0,-753.243201005123
"1417",0,735.645614079497
"1418",0,491.37977934513
"1419",0,3380.42480953627
"1420",0,645.275817155534
"1421",0,-277.270778466522
"1422",0,3326.62552065534
"1423",0,2197.00897367575
"1426",1,4376.7938538244
"1427",0,139.846260068251
"1428",0,1788.02658285916
"1429",0,2149.91794441698
"1430",0,987.447004223338
"1431",0,2966.25434282739
"1432",0,-38.2917382479814
"1433",0,826.652303170868
"1434",0,1330.43701377348
"1435",0,1610.24279020794
"1436",0,1599.68809807665
"1437",0,2113.18851559342
"1439",0,1724.3880244248
"1440",0,64.827800802369
"1442",0,3809.75689523931
"1443",0,2679.00420524957
"1444",0,518.653076611859
"1446",0,2830.89116484933
"1448",0,1679.40985292388
"1450",0,83.4257310909843
"1451",0,1170.0755787604
"1452",0,1965.12530802907
"1454",0,1816.90583518619
"1457",0,2993.64404719595
"1459",0,197.85304680077
"1460",0,271.305562918275
"1461",0,-916.54655099166
"1462",0,1636.01221986214
"1464",0,3010.07129228777
"1465",0,2712.83881528941
"1466",0,1550.77747161901
"1467",0,736.39209588014
"1468",0,716.583442666873
"1469",0,1267.02069609962
"1470",0,1758.86425595864
"1471",0,1176.05880024207
"1472",0,1220.40055228938
"1473",0,159.369368518282
"1474",0,910.170064457425
"1475",0,2152.13112691236
"1476",0,-1011.9363931634
"1477",0,1676.25197634666
"1478",0,1453.31384549387
"1479",0,2002.92275555426
"1480",0,1497.61076082082
"1481",0,1660.9820601501
"1483",0,1096.02779838082
"1484",0,1940.57181202669
"1485",0,2060.23588337144
"1486",0,2301.02972999762
"1487",0,1463.88039385145
"1489",0,3117.74884989542
"1490",0,1968.83009648533
"1491",0,1977.20261906368
"1492",0,2769.3414302307
"1493",0,409.691337540073
"1494",0,500.223267717187
"1495",0,2134.86691948674
"1496",0,3479.48696122594
"1497",0,1394.32624707183
"1498",0,23.1633009135417
"1499",0,98.4060380479
"1500",0,365.181238550574
"1501",0,-404.763419507664
"1502",0,1404.4926661448
"1503",0,1678.57498044599
"1504",0,4095.00227604265
"1507",0,1936.30226399623
"1509",0,1965.98870498029
"1510",0,1633.05344405065
"1511",0,389.67916568526
"1513",0,1445.97237946019
"1515",0,2925.75356924184
"1516",0,2668.84609211334
"1517",0,361.018057673517
"1518",0,2399.46245134468
"1520",0,858.008104119834
"1521",0,1221.23469137645
"1522",0,849.231630125551
"1526",0,1132.04817683908
"1527",0,510.512170514962
"1529",0,2482.26499164093
"1530",0,2211.19997394789
"1531",0,2693.41272331913
"1532",0,3640.01748044235
"1534",0,184.979983981169
"1535",0,1936.66405453577
"1536",0,2070.76179702916
"1537",0,1210.01979471929
"1538",0,2478.02139605801
"1539",0,3917.20498158687
"1540",0,3246.04116383466
"1541",0,1798.3297501739
"1542",0,683.298895639729
"1544",0,1936.33496715718
"1546",0,2068.61055689126
"1547",0,1096.63533802122
"1548",0,2625.6651760558
"1549",0,87.3636043539905
"1552",0,2541.63358882407
"1553",0,1541.35246457405
"1554",0,2804.74531996839
"1556",0,1329.92940417231
"1557",0,1798.37751656362
"1558",0,44.4305022448202
"1559",0,1739.46826741153
"1560",0,1381.97804503947
"1561",0,1138.18455451804
"1562",0,3304.14018353862
"1563",0,1367.44468708935
"1564",0,2038.59883745915
"1565",0,3571.00845192492
"1568",0,1324.49573526037
"1569",0,2240.22375423115
"1570",0,1792.39893663713
"1571",0,3254.9934630903
"1572",0,1992.16852633357
"1573",0,144.448856952778
"1576",0,2573.12407911236
"1577",0,1882.07810285294
"1578",0,1624.66750939277
"1579",0,797.029826594212
"1580",0,2758.63718349247
"1581",0,1422.76477399132
"1582",0,524.211723922725
"1584",0,1380.08588276544
"1585",0,562.565557429501
"1586",0,673.53270980158
"1587",0,-488.451625350588
"1588",0,776.097889450647
"1589",0,1043.40577815037
"1590",0,3213.14979071349
"1591",0,1695.90125699833
"1595",0,1152.54851439425
"1596",0,928.722573321877
"1597",0,3057.6955365136
"1599",0,1389.70734586994
"1600",0,1583.19905339396
"1601",0,1985.99196042585
"1602",0,2542.71097063246
"1603",0,1461.85691017861
"1605",0,1662.2601958127
"1606",1,4309.53677278955
"1607",0,-465.945060324642
"1609",0,3342.16710232391
"1610",1,3987.78821724601
"1611",0,2303.56598411553
"1613",0,938.472825709473
"1615",0,2247.82720843455
"1616",0,3019.97838600116
"1617",0,223.580028906544
"1618",0,2082.45401932459
"1619",0,1734.29975374979
"1621",0,2929.96147382957
"1623",0,3463.56036557736
"1626",0,2575.59420209453
"1627",0,1510.753203352
"1628",0,338.407326810967
"1629",0,743.082767542262
"1630",0,3469.88963578541
"1631",0,677.983438406794
"1632",0,2394.91765341928
"1633",0,1109.19182462103
"1634",0,1614.71065791191
"1635",0,1308.42409854224
"1636",0,2142.3938545942
"1637",0,2428.67701775196
"1638",0,1489.99872715257
"1639",0,1037.67606010596
"1640",0,1254.82423431391
"1644",0,1494.79464071329
"1645",0,1960.79310021199
"1646",0,-771.013867001087
"1647",0,2606.41735322679
"1648",0,216.648707743584
"1650",0,1977.02560722817
"1651",0,1420.47732361093
"1653",0,642.683885427785
"1654",0,1119.42437757172
"1655",0,3201.26941991652
"1656",0,2453.60564875489
"1657",0,-837.033895593812
"1658",0,542.535030615399
"1659",0,1600.23087308931
"1660",0,1736.95544971794
"1662",0,3299.76520700843
"1663",0,3062.60185642008
"1665",0,3436.46716479039
"1666",0,270.754275036107
"1668",0,2402.84332838999
"1669",0,3326.4629871927
"1671",0,2840.1763347709
"1673",0,2690.25804756
"1675",0,707.987594083887
"1676",0,1781.80979355605
"1677",0,1213.01270120809
"1678",0,-330.234318170361
"1679",0,1902.4700741477
"1681",0,769.41541206469
"1682",0,3115.76743115275
"1684",0,1908.52657815421
"1685",0,1781.89324120139
"1686",0,1636.83679275837
"1687",0,1105.6158629558
"1689",0,-265.551896935423
"1690",0,836.732194479446
"1691",0,502.279269818485
"1693",0,1631.07202530798
"1695",0,1745.593872931
"1696",0,2022.8121886882
"1698",1,3932.90210597535
"1699",0,3740.90340944179
"1700",0,915.888315406529
"1701",0,1555.76109436056
"1702",0,216.01759090315
"1703",0,698.295407543982
"1704",0,1276.82973728287
"1705",0,1278.32424417832
"1706",0,1476.90374107561
"1709",0,3155.12728832264
"1710",0,1243.06775777498
"1711",0,1678.28184452036
"1712",0,-536.573069407357
"1713",0,1643.38057162813
"1714",0,2059.61241755644
"1715",0,2047.95038765174
"1716",0,787.262512011863
"1717",0,1851.73976919785
"1719",0,991.897685144754
"1721",0,2078.76271770703
"1722",0,2877.52263266574
"1723",0,2425.02352308545
"1724",0,2416.15059725834
"1725",0,1149.120978488
"1728",0,3051.67603457841
"1729",0,3317.67322139969
"1730",0,1587.07558706995
"1731",0,1642.85629469357
"1732",0,800.355172565118
"1733",0,-523.442474917974
"1734",0,2530.15360075372
"1736",0,1061.5391760523
"1737",0,2375.19804168056
"1740",0,467.266736747521
"1741",0,3625.45440241637
"1742",0,103.909934170395
"1743",0,413.702509818105
"1744",0,217.260087371913
"1745",0,1465.71676497934
"1746",0,2159.4775355135
"1747",0,1795.18036802973
"1748",0,2679.42978396988
"1750",0,2167.42003757955
"1751",0,1929.82566136185
"1752",0,2944.1779657484
"1753",0,812.535737789938
"1754",0,1736.77581201922
"1755",0,402.630073576869
"1757",0,1217.91067605775
"1758",0,2013.62669834238
"1759",0,1605.85952583575
"1760",0,1437.10803443535
"1761",0,4054.44959478174
"1762",0,266.031923690556
"1763",0,1294.77266422259
"1764",0,1096.67568001643
"1765",0,2020.62951946287
"1768",0,1853.42388411004
"1770",0,4.07571496545052
"1771",0,405.136858035738
"1773",0,1278.26752884982
"1774",0,3330.04911860775
"1775",0,2154.46846533877
"1776",0,1159.84364892289
"1778",0,1744.43438770814
"1779",0,3328.49313447065
"1780",0,1891.43658601419
"1782",0,1341.51070116587
"1783",0,2648.25788953072
"1784",0,1059.3031631285
"1785",0,1463.98807262291
"1786",0,10.0326551935124
"1787",0,1702.5806687751
"1788",0,156.10422439896
"1789",0,3294.23308982523
"1790",0,2030.04660213593
"1792",0,1305.89851143909
"1793",0,1360.35382145365
"1794",0,1499.69642263397
"1796",0,2288.4751521336
"1797",0,-285.631521806375
"1799",0,66.5641524426658
"1800",0,1770.19089514413
"1801",0,2607.75716166454
"1803",0,1339.26031472626
"1804",0,2192.74659960275
"1805",0,1357.37650387427
"1809",0,1270.00451703847
"1810",0,1037.5754778777
"1811",0,1235.64858205864
"1812",0,240.865961840418
"1813",1,3714.28816289727
"1814",0,2374.95297457818
"1816",0,719.885718926477
"1817",0,264.265776663709
"1818",0,1867.39438603481
"1819",0,1945.16062918797
"1820",0,1648.8005509216
"1821",0,666.22417311342
"1823",0,3.38839187166013
"1824",0,2053.30397206832
"1825",0,2084.15213855983
"1827",0,1682.13488106807
"1828",0,1769.29827748007
"1829",0,-260.179652063852
"1830",0,1907.43842736993
"1831",0,1418.04685808519
"1832",0,429.921926848215
"1833",0,809.990263036698
"1834",0,626.677446151974
"1835",0,1771.42114187028
"1836",0,1131.42914495372
"1837",0,1328.63896295414
"1839",0,467.611009791239
"1840",0,2155.52838341614
"1841",0,-51.0571586951804
"1842",0,1258.9665605769
"1845",0,993.631918877513
"1846",0,1351.66773748965
"1847",0,1952.18868506345
"1848",0,569.586510216544
"1850",0,2281.24453993415
"1851",0,823.239959331127
"1852",0,1286.19300290023
"1853",0,1657.40415131124
"1855",0,115.78481118035
"1856",0,1747.68703937875
"1857",0,1417.97778257791
"1858",0,1394.12551195862
"1860",0,-25.0203286148125
"1862",0,-277.803199603708
"1863",0,863.75909992061
"1864",0,973.637704256157
"1865",0,1543.1497853973
"1866",0,1630.89253653034
"1867",0,714.932995222401
"1868",0,1051.9960628525
"1869",0,2476.07179071769
"1872",0,1702.52459409538
"1874",0,653.901418921895
"1875",0,2317.62223487572
"1876",0,1653.96007906068
"1877",0,92.6429089070161
"1878",0,2849.12863402654
"1879",0,2777.38596791453
"1880",0,2765.50932960035
"1883",0,287.416921507914
"1885",0,1520.77171693157
"1887",0,1889.76797728726
"1888",0,1278.30029554077
"1889",0,2387.25173294321
"1890",0,1164.63043528209
"1891",0,1224.70193129486
"1892",0,1310.8674501628
"1893",0,-445.797518906912
"1894",0,112.911910355074
"1895",0,1022.78541406785
"1898",0,1122.95032518276
"1899",0,1412.44361080711
"1900",0,2462.82638901132
"1901",0,1717.39170450083
"1902",0,2206.86592061133
"1903",0,-536.55008351261
"1904",0,1538.00289152578
"1905",0,1051.9960628525
"1906",0,1060.7856281612
"1907",0,16.8029467542445
"1908",0,887.108196196556
"1909",0,2322.0501451161
"1910",0,2189.92857443756
"1911",0,1889.77548008106
"1912",0,1917.97754686458
"1913",0,87.0290986691184
"1914",0,1989.06636779256
"1915",0,2275.21211883407
"1917",0,191.920253181477
"1918",0,-132.038687143647
"1920",0,851.249225539648
"1921",0,163.296024049544
"1923",0,824.984309277975
"1924",0,633.252863878251
"1926",0,-692.887012276886
"1928",0,1346.04466647122
"1929",0,-1011.9363931634
"1930",0,1129.4681335751
"1932",0,2638.31167845324
"1933",0,2714.315807344
"1934",0,2220.63212462136
"1935",0,1136.3011574275
"1936",0,1168.04750911351
"1937",0,1638.41904202861
"1938",0,466.824232065654
"1939",0,1412.80656838618
"1940",0,1739.55015182043
"1941",0,662.786833583546
"1942",0,379.658468021169
"1944",0,-304.25897503328
"1945",0,-649.681177500526
"1946",0,957.78684193546
"1949",0,2751.41188306834
"1950",0,-567.746299295722
"1951",0,1682.63516096144
"1952",0,1077.20393723199
"1953",0,2662.88674175689
"1954",0,1577.39314630463
"1955",0,1338.74667094193
"1958",0,1113.65733310366
"1959",0,908.81813355495
"1961",0,2655.15193463028
"1963",0,1917.87592320887
"1964",0,1022.02766696459
"1965",0,1721.9713256573
"1967",0,1100.40969446084
"1968",0,2964.01130594716
"1969",0,-639.043898461404
"1971",0,-161.835283127009
"1972",0,-277.650958476607
"1973",0,2697.6341269585
"1974",0,3846.29483133951
"1975",0,990.713005967816
"1976",0,2490.51346699105
"1977",0,-1175.51998554514
"1978",0,3192.9587309658
"1979",0,2038.63696023291
"1981",0,648.713483054728
"1982",0,1923.43640163246
"1985",0,1219.55216097532
"1986",0,1713.31904527014
"1987",0,1717.073829788
"1988",0,725.185163709839
"1990",0,2710.91223027962
"1991",0,1545.60175158172
"1993",0,3004.28126161268
"1994",0,2162.31334524353
"1996",0,1318.8532987425
"1997",0,2028.44667664338
"1998",0,2246.58175035395
"1999",0,1475.77318150356
"2001",0,2225.74460322008
"2002",0,1309.90004976543
"2005",0,3171.4728930692
"2006",0,487.001451499938
"2007",0,2854.70347211685
"2008",0,-40.189581230564
"2009",0,1553.13102444897
"2010",0,1885.71016290522
"2011",0,2643.81825754944
"2012",0,1225.02770746658
"2013",0,2469.09749432475
"2014",0,-141.535101934779
"2015",0,1814.51515937745
"2016",0,3263.94917822592
"2017",0,439.352783971215
"2018",0,2514.83621266294
"2019",0,2235.75824774916
"2020",0,387.493357340409
"2021",0,-325.390905402826
"2022",0,331.790356879246
"2024",0,815.435426857933
"2025",0,1275.13730933163
"2026",0,475.72890747978
"2027",0,1277.99049589452
"2029",0,1696.58033786734
"2030",0,2995.64927516658
"2031",0,781.07313074556
"2032",0,503.581559458187
"2033",0,-779.949152371879
"2034",0,2.67643960168943
"2035",0,2715.61738705692
"2036",0,2170.11438701078
"2037",0,1034.19794255859
"2038",0,1225.20334627847
"2039",0,2321.47399850678
"2040",0,370.758746811986
"2041",0,1194.52832517541
"2043",0,1055.7617567143
"2044",0,2362.8551892731
"2045",0,-834.632924215854
"2046",0,1136.03033846552
"2047",0,435.434035257174
"2048",0,1966.64554918221
"2049",0,2518.83153882618
"2050",0,2152.89255158702
"2051",0,986.09995282278
"2052",0,2546.97455535029
"2053",0,1385.03687934441
"2054",0,1186.55294582931
"2057",0,2995.32896235703
"2059",0,870.766409237488
"2061",0,1942.14800939716
"2065",0,2041.13234212428
"2067",0,2646.82277481967
"2068",0,3161.900152022
"2070",0,-47.9720167225428
"2071",0,1350.1733887448
"2072",0,1148.46817648485
"2074",0,2484.39652647934
"2075",0,-415.28884316428
"2076",0,1448.47439033198
"2077",0,3147.54537674275
"2078",0,1626.02519792421
"2080",1,4305.16179625937
"2081",0,-392.72974881937
"2082",0,1758.5103259086
"2086",0,543.725387817842
"2087",0,2151.7576212334
"2088",0,2299.99968983271
"2090",0,2074.55879202604
"2091",0,851.840093835047
"2092",0,-496.243220535598
"2093",0,1517.50019395476
"2094",0,1193.278740966
"2095",0,1915.36410234064
"2096",0,2026.10609925554
"2097",0,2792.08924956983
"2098",0,2110.37084190181
"2099",0,2148.16507057988
"2100",0,1715.05998637374
"2104",0,1776.04793733182
"2106",0,1949.89461554585
"2107",0,2626.30678636073
"2109",0,1875.27065506281
"2111",0,3698.3459714064
"2112",0,794.55756034357
"2113",0,1883.76736898252
"2114",0,-769.646474916845
"2115",0,-249.664055160779
"2117",0,2251.98210305223
"2118",0,3290.80949187282
"2119",1,4584.75523164575
"2120",0,880.60757546709
"2121",0,1325.73592249729
"2122",0,2122.89469573953
"2123",0,3398.25757822037
"2124",0,2122.1623241106
"2125",0,2454.58595282109
"2128",0,2239.32799618792
"2129",0,946.783304047339
"2130",0,-643.727538903039
"2131",0,1280.73316938304
"2132",0,1738.62028259784
"2133",0,1692.33672947245
"2135",0,1525.76899825054
"2136",0,-303.077345628696
"2137",0,1423.73210944586
"2138",0,462.993717386642
"2139",0,-1810.25799858101
"2140",0,2197.54448113542
"2141",0,1304.81834867901
